filename,width,height,class,ymin,xmin,ymax,xmax,area
houston_1672436803032671697_20171218_jpg,512,512,CocaCola,210,236,318,278,4536
chicago_1364155062192799518_20161019_jpg,512,512,CocaCola,4,271,67,318,2961
la_2017_1490915831163839156_20170411_jpg,512,512,Chanel,4,461,118,511,5700
la_2017_1490915831163839156_20170411_jpg,512,512,Chanel,9,188,108,269,8019
la_1323465834622132713_20160823_jpg,512,512,Nike,388,373,402,391,252
la_1323465834622132713_20160823_jpg,512,512,Adidas,106,58,140,92,1156
cleveland_1685119130792752319_20180104_jpg,512,512,Nike,191,269,228,295,962
miami_1641009806285605108_20171105_jpg,512,512,MercedesBenz,321,247,369,293,2208
miami_1286385593580078196_20160703_jpg,512,512,MercedesBenz,73,390,198,505,14375
charlotte_1558845161576211440_20170714_jpg,512,512,UnderArmour,149,235,254,338,10815
phoenix_1930085063069183760_20181208_jpg,512,512,Adidas,256,36,300,64,1232
la_991458420829393122_20150523_jpg,512,512,Starbucks,100,318,205,415,10185
miami_1395955758407728857_20161201_jpg,512,512,Adidas,165,98,205,135,1480
chicago_1762988582107883901_20180422_jpg,512,512,MercedesBenz,19,320,76,415,5415
miami_1807815736568315781_20180623_jpg,512,512,Puma,313,387,348,433,1610
phoenix_1635957020028635058_20171029_jpg,512,512,Nike,332,438,396,471,2112
london_1910312578644841673_20181111_jpg,512,512,Adidas,172,245,207,293,1680
chicago_1463169352727978450_20170304_jpg,512,512,Adidas,169,255,262,396,13113
houston_1638096517913148720_20171101_jpg,512,512,Nike,279,354,384,402,5040
la_1337240203962542702_20160911_jpg,512,512,CocaCola,168,463,209,498,1435
charlotte_1224208707317812953_20160408_jpg,512,512,NFL,418,238,495,309,5467
miami_1819284312407788259_20180709_jpg,512,512,Nike,167,282,272,332,5250
charlotte_1706434606342907180_20180203_jpg,512,512,Adidas,218,143,277,202,3481
london_1844457668161432388_20180812_jpg,512,512,Nike,126,274,168,303,1218
london_1925582517320884463_20181202_jpg,512,512,Puma,178,154,204,174,520
london_1925582517320884463_20181202_jpg,512,512,Emirates,187,182,270,223,3403
miami_1059273272486353105_20150825_jpg,512,512,UnderArmour,356,301,400,333,1408
miami_1920229131352411132_20181125_jpg,512,512,Starbucks,270,277,347,359,6314
charlotte_1493835698176131705_20170415_jpg,512,512,Puma,380,180,448,221,2788
houston_1583793741332630538_20170818_jpg,512,512,NFL,332,111,370,152,1558
chicago_1356682717551144303_20161008_jpg,512,512,Nike,401,225,431,245,600
chicago_1356682717551144303_20161008_jpg,512,512,Nike,52,324,200,406,12136
miami_1219178565840152284_20160402_jpg,512,512,MercedesBenz,253,218,311,293,4350
houston_1659195665049127423_20171130_jpg,512,512,MercedesBenz,478,276,512,316,1360
la_2017_1517350911088035123_20170518_jpg,512,512,Nike,202,328,313,383,6105
phoenix_1411868004383569004_20161223_jpg,512,512,Nike,120,321,170,347,1300
houston_1800876355418542789_20180613_jpg,512,512,Adidas,233,285,274,325,1640
london_1923821672248850993_20181130_jpg,512,512,Nike,2,160,293,303,41613
cleveland_1580580944439875725_20170813_jpg,512,512,Adidas,79,414,124,460,2070
houston_1789559982145670945_20180529_jpg,512,512,Nike,260,264,312,292,1456
la_2017_1517392493921748206_20170518_jpg,512,512,Adidas,103,128,153,181,2650
la_2017_1517392493921748206_20170518_jpg,512,512,Adidas,340,176,387,236,2820
chicago_1501069409393098244_20170425_jpg,512,512,Starbucks,183,264,260,345,6237
miami_1692802272914694670_20180115_jpg,512,512,Starbucks,43,342,131,431,7832
charlotte_1409205964552657053_20161220_jpg,512,512,TheNorthFace,149,480,199,507,1350
miami_1780550983971988319_20180516_jpg,512,512,Starbucks,223,447,288,495,3120
miami_1765965247486620432_20180426_jpg,512,512,MercedesBenz,113,399,187,478,5846
houston_1625781056764750788_20171015_jpg,512,512,Chanel,111,341,159,390,2352
london_1875102500103064719_20180924_jpg,512,512,NFL,235,61,270,112,1785
london_1875102500103064719_20180924_jpg,512,512,NFL,405,97,433,137,1120
london_1875102500103064719_20180924_jpg,512,512,NFL,189,369,200,383,154
london_1875102500103064719_20180924_jpg,512,512,NFL,141,371,152,383,132
miami_1811365553269798079_20180628_jpg,512,512,Puma,402,432,452,490,2900
chicago_1731360271308164776_20180309_jpg,512,512,AppleInc,343,221,372,255,986
london_1856285912783423743_20180829_jpg,512,512,Nike,441,34,512,74,2840
london_1856285912783423743_20180829_jpg,512,512,Nike,187,150,217,162,360
london_1856285912783423743_20180829_jpg,512,512,Nike,284,321,317,334,429
miami_1582819523680379228_20170816_jpg,512,512,Nike,163,371,194,406,1085
charlotte_1832757931344782682_20180727_jpg,512,512,Starbucks,178,438,231,481,2279
charlotte_1832757931344782682_20180727_jpg,512,512,Starbucks,304,456,358,480,1296
la_2017_1599730521915446634_20170909_jpg,512,512,Adidas,85,222,164,287,5135
houston_1336571607140804999_20160910_jpg,512,512,Starbucks,312,383,366,442,3186
miami_1575835569795409109_20170807_jpg,512,512,AppleInc,379,226,423,284,2552
miami_1871470263254692546_20180919_jpg,512,512,AppleInc,296,405,338,449,1848
phoenix_1781334979987279391_20180517_jpg,512,512,Starbucks,322,207,421,328,11979
miami_1865831165040944492_20180911_jpg,512,512,Adidas,288,97,341,158,3233
la_1174764057531005670_20160131_jpg,512,512,Nike,45,245,98,283,2014
la_1174764057531005670_20160131_jpg,512,512,Nike,146,296,245,344,4752
phoenix_1204450998780746763_20160312_jpg,512,512,Starbucks,292,198,443,354,23556
la_2017_1635150802238524542_20171027_jpg,512,512,Nike,156,279,194,306,1026
charlotte_1524222387246591127_20170527_jpg,512,512,Starbucks,178,258,367,415,29673
miami_1761359935852284047_20180420_jpg,512,512,Adidas,257,436,292,463,945
charlotte_1910733455785196775_20181112_jpg,512,512,TheNorthFace,371,403,434,439,2268
chicago_1357450413888309955_20161009_jpg,512,512,Nike,73,410,110,437,999
miami_1640219479974913425_20171103_jpg,512,512,Adidas,370,396,421,428,1632
charlotte_1784853309276759006_20180522_jpg,512,512,Nike,270,462,316,499,1702
chicago_1411330254278410845_20161223_jpg,512,512,TheNorthFace,157,30,233,70,3040
la_2017_1646210262165987909_20171112_jpg,512,512,Adidas,208,125,270,191,4092
la_1206619561507285225_20160315_jpg,512,512,Nike,102,191,145,211,860
la_1206619561507285225_20160315_jpg,512,512,Nike,54,332,119,367,2275
la_2017_1557755352312570168_20170713_jpg,512,512,AppleInc,64,179,117,231,2756
la_2017_1557755352312570168_20170713_jpg,512,512,Starbucks,248,299,346,387,8624
chicago_1093501258070911094_20151011_jpg,512,512,Nike,332,171,387,202,1705
chicago_1093501258070911094_20151011_jpg,512,512,Nike,365,311,433,361,3400
houston_1386081288520002589_20161118_jpg,512,512,MercedesBenz,73,335,150,413,6006
miami_1903451412655017123_20181102_jpg,512,512,Adidas,9,362,154,509,21315
miami_1699076189852858183_20180124_jpg,512,512,AppleInc,283,97,323,148,2040
la_1321949553972344094_20160821_jpg,512,512,Nike,331,58,406,107,3675
la_1321949553972344094_20160821_jpg,512,512,Nike,99,139,163,184,2880
chicago_1260994601558310912_20160529_jpg,512,512,Nike,405,24,486,58,2754
miami_1479715199778555882_20170327_jpg,512,512,UnderArmour,184,206,229,254,2160
miami_1371751294427089849_20161029_jpg,512,512,Nike,98,227,140,260,1386
chicago_1415828285312839882_20161229_jpg,512,512,Nike,351,0,421,31,2170
miami_1878054763289348032_20180928_jpg,512,512,Emirates,100,326,186,374,4128
houston_1458082618628497968_20170225_jpg,512,512,TheNorthFace,428,374,496,422,3264
la_1278993000729047095_20160623_jpg,512,512,AppleInc,327,277,346,325,912
london_1899822461484451229_20181028_jpg,512,512,Adidas,399,219,440,262,1763
la_2017_1677560757133161410_20171225_jpg,512,512,CocaCola,22,225,163,289,9024
la_2017_1677560757133161410_20171225_jpg,512,512,CocaCola,435,354,492,381,1539
miami_1760668245033217168_20180419_jpg,512,512,Adidas,226,262,353,335,9271
houston_1443886220593532398_20170206_jpg,512,512,NFL,203,299,230,332,891
miami_1426354327895595645_20170112_jpg,512,512,Pepsi,43,458,88,496,1710
la_1717900697560949746_20180219_jpg,512,512,Chanel,237,154,304,219,4355
charlotte_1517447333557036864_20170518_jpg,512,512,MercedesBenz,208,210,261,266,2968
phoenix_1534179268800384446_20170610_jpg,512,512,UnderArmour,378,223,429,252,1479
miami_1803496030732228452_20180617_jpg,512,512,Nike,177,245,312,314,9315
miami_1620575837789182694_20171007_jpg,512,512,Nike,334,273,439,333,6300
miami_1753648481731559478_20180409_jpg,512,512,UnderArmour,205,312,256,378,3366
houston_1869120496470536922_20180915_jpg,512,512,Adidas,323,147,343,167,400
houston_1869120496470536922_20180915_jpg,512,512,Emirates,317,169,401,200,2604
miami_1871404942666228454_20180918_jpg,512,512,Adidas,196,146,268,207,4392
la_2017_1621190203777989317_20171008_jpg,512,512,NFL,5,7,51,63,2576
phoenix_1769195442200842417_20180430_jpg,512,512,Emirates,187,106,255,139,2244
miami_1461799873094847099_20170302_jpg,512,512,Nike,418,25,490,57,2304
houston_1315809520970543865_20160813_jpg,512,512,Adidas,60,217,96,245,1008
miami_1757625779539310546_20180414_jpg,512,512,Adidas,191,364,241,406,2100
la_2017_1598940587610878446_20170907_jpg,512,512,MercedesBenz,178,325,223,369,1980
charlotte_1700326935567363734_20180125_jpg,512,512,NFL,431,193,476,242,2205
miami_1725928735389359405_20180302_jpg,512,512,Adidas,483,180,511,225,1260
miami_1861630387820635890_20180905_jpg,512,512,Nike,121,459,173,489,1560
la_2017_1667965366284211285_20171212_jpg,512,512,MercedesBenz,452,192,485,224,1056
houston_1786142237274742679_20180524_jpg,512,512,AppleInc,30,328,56,351,598
phoenix_1292013482250058443_20160711_jpg,512,512,Nike,329,110,372,137,1161
london_1882272619781668416_20181003_jpg,512,512,Nike,177,338,224,365,1269
la_2017_1550375951677200280_20170702_jpg,512,512,Pepsi,218,422,261,478,2408
london_1820302110178564646_20180710_jpg,512,512,CocaCola,287,127,301,141,196
london_1820302110178564646_20180710_jpg,512,512,Emirates,287,152,360,184,2336
miami_1785910355990683766_20180523_jpg,512,512,Nike,383,311,416,341,990
london_1916327656477178052_20181119_jpg,512,512,Nike,162,451,193,478,837
miami_1216906789035459650_20160329_jpg,512,512,Adidas,178,325,241,444,7497
miami_1216906789035459650_20160329_jpg,512,512,AppleInc,380,410,406,439,754
miami_1736471175638239653_20180316_jpg,512,512,Adidas,405,212,440,250,1330
charlotte_1942325356829066822_20181225_jpg,512,512,Nike,245,108,330,137,2465
chicago_1227299744821799463_20160413_jpg,512,512,Nike,217,475,284,505,2010
miami_1927261456525891943_20181204_jpg,512,512,Adidas,161,281,252,375,8554
london_1615765131417128264_20171001_jpg,512,512,Adidas,236,261,333,407,14162
london_1818561770010972125_20180708_jpg,512,512,Adidas,261,128,354,233,9765
phoenix_1910380718979235301_20181111_jpg,512,512,AppleInc,86,425,128,466,1722
miami_1336348696317320968_20160910_jpg,512,512,Starbucks,181,328,213,377,1568
houston_1103112826548720034_20151024_jpg,512,512,Nike,202,165,299,196,3007
miami_1598322577493805331_20170907_jpg,512,512,Starbucks,97,315,169,371,4032
chicago_1496907154580510225_20170420_jpg,512,512,Nike,139,55,183,81,1144
chicago_1496907154580510225_20170420_jpg,512,512,Adidas,289,298,447,462,25912
houston_1292519443440377243_20160712_jpg,512,512,Starbucks,273,281,322,338,2793
chicago_1080178394307206074_20150923_jpg,512,512,Nike,264,230,289,271,1025
chicago_1080178394307206074_20150923_jpg,512,512,Nike,99,315,157,343,1624
charlotte_1464880596262459958_20170307_jpg,512,512,Adidas,319,433,360,470,1517
houston_1624825772496045792_20171013_jpg,512,512,Nike,372,467,417,496,1305
houston_1860990967911683331_20180904_jpg,512,512,Nike,107,233,317,308,15750
houston_1489490187235196948_20170409_jpg,512,512,Adidas,173,53,211,78,950
houston_1489490187235196948_20170409_jpg,512,512,Adidas,264,254,295,280,806
houston_1801503656680830513_20180614_jpg,512,512,Adidas,260,467,318,512,2610
houston_1801503656680830513_20180614_jpg,512,512,Adidas,83,275,119,307,1152
phoenix_1858554885721876477_20180901_jpg,512,512,CocaCola,91,405,114,422,391
phoenix_1858554885721876477_20180901_jpg,512,512,CocaCola,270,420,326,453,1848
phoenix_1927344860328950261_20181205_jpg,512,512,Nike,417,28,484,57,1943
houston_1820475670216797287_20180710_jpg,512,512,Nike,406,178,458,210,1664
chicago_1443210856288362073_20170205_jpg,512,512,Nike,378,305,444,350,2970
phoenix_1704599037187221920_20180131_jpg,512,512,Puma,196,262,236,301,1560
charlotte_1925637600358569991_20181202_jpg,512,512,NFL,275,374,315,426,2080
charlotte_1719280223534376154_20180221_jpg,512,512,UnderArmour,223,114,302,173,4661
houston_1411002021502268392_20161222_jpg,512,512,Nike,99,274,175,342,5168
cleveland_1645888003615514307_20171111_jpg,512,512,TheNorthFace,223,10,279,40,1680
cleveland_1645888003615514307_20171111_jpg,512,512,Nike,297,321,402,358,3885
charlotte_1925941569530376104_20181203_jpg,512,512,Adidas,258,454,290,495,1312
la_2017_1512810169817775726_20170512_jpg,512,512,Starbucks,105,447,146,481,1394
miami_1108252775436277561_20151031_jpg,512,512,MercedesBenz,256,350,295,389,1521
miami_1480845120906774176_20170329_jpg,512,512,Puma,300,34,332,60,832
charlotte_1464971902727506816_20170307_jpg,512,512,Adidas,331,350,373,397,1974
london_1858432532052317729_20180901_jpg,512,512,TheNorthFace,300,153,334,179,884
la_2017_1532710621073413150_20170608_jpg,512,512,UnderArmour,245,358,320,407,3675
la_2017_1532710621073413150_20170608_jpg,512,512,UnderArmour,462,414,505,440,1118
la_1284804464720510926_20160701_jpg,512,512,Toyota,227,291,259,323,1024
charlotte_1734293929039330394_20180313_jpg,512,512,Pepsi,188,208,405,333,27125
houston_1867221010474978542_20180913_jpg,512,512,NFL,123,270,152,303,957
chicago_1732795121063215796_20180311_jpg,512,512,Nike,357,451,408,492,2091
houston_1661409919893464612_20171203_jpg,512,512,Chanel,139,54,483,116,21328
chicago_1452009010894295907_20170217_jpg,512,512,Pepsi,303,278,352,326,2352
miami_1378787122475852941_20161108_jpg,512,512,CocaCola,416,99,511,139,3800
houston_1742348628197235315_20180324_jpg,512,512,Nike,338,389,466,431,5376
chicago_1477025203704284890_20170323_jpg,512,512,Nike,323,315,367,348,1452
phoenix_1830324558683897484_20180724_jpg,512,512,Nike,406,30,484,62,2496
la_2017_1551045901078128554_20170703_jpg,512,512,Starbucks,103,260,250,410,22050
charlotte_1270338821444246008_20160611_jpg,512,512,Nike,409,27,485,58,2356
chicago_1365479901872601022_20161020_jpg,512,512,Nike,407,30,484,60,2310
houston_1861000968590829860_20180904_jpg,512,512,Nike,204,470,245,497,1107
chicago_1356818865455448610_20161008_jpg,512,512,Nike,139,141,253,190,5586
chicago_1356818865455448610_20161008_jpg,512,512,Nike,410,289,454,317,1232
chicago_1356818865455448610_20161008_jpg,512,512,Nike,408,437,461,461,1272
chicago_1772930738976806465_20180506_jpg,512,512,Starbucks,83,442,118,473,1085
chicago_1772930738976806465_20180506_jpg,512,512,Starbucks,150,1,313,137,22168
miami_1799430447411797854_20180611_jpg,512,512,Toyota,309,376,352,408,1376
phoenix_1904870907367090308_20181104_jpg,512,512,MercedesBenz,354,100,418,166,4224
la_1216714052502354040_20160329_jpg,512,512,AppleInc,306,5,317,12,77
la_1216714052502354040_20160329_jpg,512,512,Nike,330,288,347,318,510
la_1216714052502354040_20160329_jpg,512,512,Nike,124,418,178,451,1782
chicago_1779663695695880145_20180515_jpg,512,512,Toyota,143,193,302,227,5406
houston_1533627782557842495_20170609_jpg,512,512,Nike,192,217,239,266,2303
chicago_1499419027657929579_20170423_jpg,512,512,Nike,65,291,99,322,1054
chicago_1499419027657929579_20170423_jpg,512,512,Emirates,337,344,428,420,6916
chicago_1245764635811125184_20160508_jpg,512,512,Nike,408,26,485,58,2464
la_1301369674499719417_20160724_jpg,512,512,Nike,420,177,452,187,320
la_1301369674499719417_20160724_jpg,512,512,Emirates,338,203,467,266,8127
la_1301369674499719417_20160724_jpg,512,512,Emirates,0,271,114,310,4446
miami_1606781092932407200_20170918_jpg,512,512,Adidas,418,348,483,421,4745
la_2017_1652843938283525299_20171121_jpg,512,512,Nike,112,302,213,342,4040
la_2017_1504959257145405476_20170501_jpg,512,512,MercedesBenz,40,164,79,206,1638
la_2017_1504959257145405476_20170501_jpg,512,512,CocaCola,126,373,165,396,897
la_2017_1504959257145405476_20170501_jpg,512,512,CocaCola,3,375,34,397,682
phoenix_1382880287076078117_20161113_jpg,512,512,Nike,398,31,512,69,4332
phoenix_1397301913917486492_20161203_jpg,512,512,UnderArmour,194,467,252,508,2378
houston_1768621098479202649_20180430_jpg,512,512,Adidas,275,371,328,413,2226
chicago_1622883962007102580_20171011_jpg,512,512,Nike,135,207,190,247,2200
chicago_1622883962007102580_20171011_jpg,512,512,Nike,351,346,446,386,3800
chicago_1622883962007102580_20171011_jpg,512,512,Nike,36,364,119,420,4648
miami_1851284308980062560_20180822_jpg,512,512,MercedesBenz,168,367,229,430,3843
miami_1611639442178554554_20170925_jpg,512,512,Nike,184,243,220,278,1260
la_1705365750841524231_20180201_jpg,512,512,Nike,201,250,302,299,4949
la_1705365750841524231_20180201_jpg,512,512,Nike,374,262,452,326,4992
phoenix_1423429911976880088_20170108_jpg,512,512,TheNorthFace,209,293,257,329,1728
la_1243982566378365929_20160506_jpg,512,512,Adidas,178,278,227,325,2303
chicago_1380552886090324165_20161110_jpg,512,512,Starbucks,174,216,321,338,17934
houston_1489766767735062593_20170410_jpg,512,512,Adidas,323,370,352,399,841
houston_1489766767735062593_20170410_jpg,512,512,Emirates,321,411,473,500,13528
chicago_1070392659290019749_20150909_jpg,512,512,Starbucks,168,364,194,408,1144
phoenix_996579543649605011_20150530_jpg,512,512,Starbucks,263,29,322,91,3658
london_1902667125420921628_20181101_jpg,512,512,MercedesBenz,139,257,172,291,1122
london_1846602674939994942_20180815_jpg,512,512,Adidas,462,436,507,472,1620
chicago_1542865500768345068_20170622_jpg,512,512,Nike,361,131,512,237,16006
houston_1134813508895195252_20151207_jpg,512,512,Starbucks,111,244,241,415,22230
la_1264343206039005443_20160603_jpg,512,512,Nike,79,340,184,384,4620
chicago_1621365486669387115_20171008_jpg,512,512,Nike,417,29,485,56,1836
houston_1646881014120875022_20171113_jpg,512,512,Chanel,32,74,405,157,30959
miami_1249219304437744618_20160513_jpg,512,512,Adidas,194,155,234,205,2000
houston_1322430523292993848_20160822_jpg,512,512,Nike,183,381,216,416,1155
houston_1322430523292993848_20160822_jpg,512,512,Nike,419,395,435,431,576
miami_1707589532336264547_20180204_jpg,512,512,Nike,90,162,163,193,2263
charlotte_1768510579758385992_20180429_jpg,512,512,Adidas,367,320,430,372,3276
miami_1861454364238055602_20180905_jpg,512,512,AppleInc,288,341,377,443,9078
miami_1537464021115018772_20170615_jpg,512,512,MercedesBenz,131,313,184,358,2385
miami_1722011416783609961_20180224_jpg,512,512,Nike,269,94,457,172,14664
miami_1484375707487776702_20170402_jpg,512,512,Nike,338,465,402,492,1728
la_1050843998361413702_20150813_jpg,512,512,Nike,199,132,304,168,3780
phoenix_1641542118618267472_20171105_jpg,512,512,Nike,370,478,412,504,1092
la_1723311065875637508_20180226_jpg,512,512,Puma,226,199,284,252,3074
chicago_1426285810046646899_20170112_jpg,512,512,Adidas,77,212,185,309,10476
la_2017_1667160456958335872_20171211_jpg,512,512,Adidas,279,384,410,511,16637
charlotte_1834356506462488990_20180729_jpg,512,512,MercedesBenz,253,235,289,287,1872
london_1842172358208893122_20180809_jpg,512,512,Adidas,215,158,224,171,117
london_1842172358208893122_20180809_jpg,512,512,Adidas,45,243,92,338,4465
london_1842172358208893122_20180809_jpg,512,512,Adidas,475,392,483,411,152
london_1842172358208893122_20180809_jpg,512,512,Adidas,30,484,49,511,513
houston_1536517332208373234_20170613_jpg,512,512,Starbucks,164,261,193,303,1218
chicago_1660902946425865723_20171202_jpg,512,512,Starbucks,203,239,310,343,11128
chicago_1776154836354648541_20180510_jpg,512,512,Nike,407,29,485,62,2574
houston_1726370479319862626_20180302_jpg,512,512,Nike,449,479,508,505,1534
charlotte_1308414123780123645_20160803_jpg,512,512,Starbucks,391,62,464,126,4672
miami_1306945037070582306_20160801_jpg,512,512,Adidas,239,326,305,387,4026
charlotte_1154714760283149062_20160104_jpg,512,512,NFL,205,447,251,495,2208
chicago_1778203501237593771_20180513_jpg,512,512,Starbucks,166,301,296,415,14820
houston_1821491078189260200_20180712_jpg,512,512,Nike,287,368,364,405,2849
houston_1742886475055446202_20180325_jpg,512,512,Nike,200,266,265,329,4095
chicago_1548769122949780071_20170630_jpg,512,512,Adidas,238,188,308,270,5740
miami_1529299600366990451_20170603_jpg,512,512,Emirates,314,380,378,414,2176
la_2017_1556549432157595783_20170711_jpg,512,512,MercedesBenz,238,317,289,369,2652
charlotte_1808482369055185545_20180624_jpg,512,512,CocaCola,64,1,307,95,22842
la_1196083702929498787_20160301_jpg,512,512,MercedesBenz,87,45,104,59,238
la_1196083702929498787_20160301_jpg,512,512,MercedesBenz,437,72,451,86,196
la_1196083702929498787_20160301_jpg,512,512,MercedesBenz,353,71,367,88,238
la_1196083702929498787_20160301_jpg,512,512,MercedesBenz,46,78,64,95,306
la_1196083702929498787_20160301_jpg,512,512,MercedesBenz,123,83,147,96,312
la_1196083702929498787_20160301_jpg,512,512,MercedesBenz,358,136,372,150,196
la_1196083702929498787_20160301_jpg,512,512,MercedesBenz,434,139,448,151,168
la_1196083702929498787_20160301_jpg,512,512,MercedesBenz,50,139,66,155,256
la_1196083702929498787_20160301_jpg,512,512,MercedesBenz,119,141,137,157,288
la_1196083702929498787_20160301_jpg,512,512,MercedesBenz,472,167,486,180,182
la_1196083702929498787_20160301_jpg,512,512,MercedesBenz,277,274,299,293,418
la_1196083702929498787_20160301_jpg,512,512,MercedesBenz,373,276,392,294,342
la_1196083702929498787_20160301_jpg,512,512,MercedesBenz,34,336,57,365,667
la_1196083702929498787_20160301_jpg,512,512,MercedesBenz,165,336,204,373,1443
la_1196083702929498787_20160301_jpg,512,512,MercedesBenz,394,37,409,52,225
la_1196083702929498787_20160301_jpg,512,512,MercedesBenz,165,440,188,460,460
la_1196083702929498787_20160301_jpg,512,512,MercedesBenz,37,443,63,462,494
miami_1494995310680880017_20170417_jpg,512,512,Nike,81,451,178,491,3880
chicago_1543625782592491723_20170623_jpg,512,512,Nike,133,371,224,408,3367
miami_1818926070947195002_20180708_jpg,512,512,Adidas,73,309,119,344,1610
miami_1195118995683090422_20160228_jpg,512,512,CocaCola,147,309,323,396,15312
charlotte_1610992715355751241_20170924_jpg,512,512,Starbucks,252,306,362,424,12980
charlotte_1487091230835721157_20170406_jpg,512,512,NFL,20,218,70,267,2450
london_1818962453246278490_20180708_jpg,512,512,Chanel,205,179,358,290,16983
houston_1329967316117284398_20160901_jpg,512,512,NFL,323,255,358,294,1365
la_1105103841870792549_20151027_jpg,512,512,Nike,177,236,230,268,1696
la_1105103841870792549_20151027_jpg,512,512,Nike,331,280,384,301,1113
miami_1650796675467291091_20171118_jpg,512,512,RalphLaurenCorporation,68,13,464,500,192852
houston_1739610699899999051_20180321_jpg,512,512,Puma,234,235,288,270,1890
chicago_1356755074009239393_20161008_jpg,512,512,Nike,276,60,388,106,5152
chicago_1356755074009239393_20161008_jpg,512,512,Nike,199,309,212,317,104
miami_1447567460970802654_20170211_jpg,512,512,Adidas,179,267,213,301,1156
miami_1443987654105666752_20170206_jpg,512,512,NFL,262,252,274,269,204
miami_1443987654105666752_20170206_jpg,512,512,Nike,353,300,367,314,196
la_1112332133620641758_20151106_jpg,512,512,Adidas,264,227,312,265,1824
houston_1428430453119900340_20170115_jpg,512,512,AppleInc,231,399,261,432,990
houston_1601252301530973378_20170911_jpg,512,512,Adidas,379,205,430,240,1785
miami_1590104175819524214_20170826_jpg,512,512,MercedesBenz,0,331,44,381,2200
houston_1444534893379103650_20170206_jpg,512,512,TheNorthFace,409,344,451,371,1134
miami_1726559568517345419_20180303_jpg,512,512,UnderArmour,417,16,489,62,3312
cleveland_1456190286412735645_20170223_jpg,512,512,HardRockCafe,136,284,239,339,5665
chicago_1356668497576418191_20161008_jpg,512,512,Nike,226,389,311,436,3995
london_1878357655262327670_20180928_jpg,512,512,Nike,298,377,341,404,1161
phoenix_1762551419910354502_20180421_jpg,512,512,Nike,406,327,478,355,2016
phoenix_1762551419910354502_20180421_jpg,512,512,Adidas,52,416,94,459,1806
phoenix_1710473559110851812_20180208_jpg,512,512,UnderArmour,84,465,122,496,1178
la_2017_1650048466342402052_20171117_jpg,512,512,Starbucks,409,337,461,386,2548
chicago_1483590738100143914_20170401_jpg,512,512,Pepsi,443,106,474,212,3286
chicago_1295854909631926741_20160716_jpg,512,512,Starbucks,199,208,308,323,12535
charlotte_1929880942793852030_20181208_jpg,512,512,Adidas,291,342,332,382,1640
charlotte_1929880942793852030_20181208_jpg,512,512,Adidas,346,341,384,383,1596
charlotte_1929880942793852030_20181208_jpg,512,512,Adidas,236,345,281,381,1620
la_2017_1646905240447236282_20171113_jpg,512,512,Nike,343,419,388,456,1665
phoenix_1816361513091595727_20180704_jpg,512,512,Nike,388,340,433,369,1305
miami_1672621135445328078_20171218_jpg,512,512,HardRockCafe,39,9,140,105,9696
la_2017_1538984865670904361_20170617_jpg,512,512,Starbucks,180,372,229,423,2499
miami_1765450585211127500_20180425_jpg,512,512,RalphLaurenCorporation,94,193,395,347,46354
houston_1496542748743596606_20170419_jpg,512,512,CocaCola,382,455,475,491,3348
houston_1527600974239590289_20170601_jpg,512,512,Adidas,138,126,228,177,4590
miami_1580070413721988647_20170812_jpg,512,512,Adidas,31,465,66,500,1225
la_1283322560645536876_20160629_jpg,512,512,Puma,56,411,98,446,1470
chicago_1297603740689491932_20160719_jpg,512,512,Toyota,337,152,389,193,2132
houston_1890420283766898833_20181015_jpg,512,512,NFL,231,96,300,187,6279
miami_1569506926063819399_20170729_jpg,512,512,Adidas,384,386,423,420,1326
charlotte_1520436203455161394_20170522_jpg,512,512,CocaCola,205,129,353,189,8880
chicago_1310966053509024306_20160806_jpg,512,512,Starbucks,173,419,252,487,5372
miami_1771811434284718119_20180504_jpg,512,512,Starbucks,109,133,169,179,2760
miami_1860610147806630616_20180904_jpg,512,512,Nike,208,472,260,504,1664
la_1722066016799559012_20180224_jpg,512,512,MercedesBenz,112,41,145,77,1188
miami_1478921638568317413_20170326_jpg,512,512,Nike,288,355,315,369,378
miami_1478921638568317413_20170326_jpg,512,512,Nike,412,23,490,55,2496
la_1298562289040898919_20160720_jpg,512,512,Adidas,262,134,298,173,1404
la_1298562289040898919_20160720_jpg,512,512,Nike,91,174,104,181,91
houston_1769625522357447585_20180501_jpg,512,512,MercedesBenz,383,340,424,382,1722
chicago_1229104203839618782_20160415_jpg,512,512,Starbucks,150,391,380,512,27830
charlotte_1735885649623443879_20180315_jpg,512,512,Nike,417,28,485,56,1904
houston_1883195402423246220_20181005_jpg,512,512,Adidas,288,199,342,255,3024
miami_1719171297299955049_20180220_jpg,512,512,MercedesBenz,237,304,286,357,2597
houston_1860600258394317788_20180904_jpg,512,512,Puma,277,331,332,376,2475
miami_1639240285924330920_20171102_jpg,512,512,Adidas,357,427,391,475,1632
houston_1894445882617450735_20181020_jpg,512,512,NFL,204,268,250,311,1978
chicago_1346087962144651301_20160924_jpg,512,512,Nike,79,340,152,377,2701
phoenix_1224667107300536180_20160409_jpg,512,512,Nike,100,313,190,351,3420
houston_1511735362295421787_20170510_jpg,512,512,Nike,331,2,380,68,3234
houston_1511735362295421787_20170510_jpg,512,512,Nike,348,418,375,482,1728
houston_1712925239103840538_20180212_jpg,512,512,Nike,449,477,509,506,1740
london_1818302489292740794_20180707_jpg,512,512,Starbucks,108,72,142,109,1258
la_1772671113287394533_20180505_jpg,512,512,Adidas,216,161,287,231,4970
houston_1439986401377586222_20170131_jpg,512,512,Nike,446,1,511,35,2210
phoenix_1601151113695084578_20170911_jpg,512,512,NFL,239,239,273,275,1224
houston_1427350985029896992_20170114_jpg,512,512,Nike,200,155,229,170,435
houston_1427350985029896992_20170114_jpg,512,512,Emirates,201,177,275,224,3478
miami_1861518566618516255_20180905_jpg,512,512,Nike,106,257,146,287,1200
miami_1646091439455937191_20171112_jpg,512,512,HardRockCafe,434,146,509,194,3600
la_1790505326628203354_20180530_jpg,512,512,UnderArmour,407,389,447,427,1520
la_1790505326628203354_20180530_jpg,512,512,UnderArmour,421,59,438,82,391
phoenix_1602519066953559775_20170912_jpg,512,512,MercedesBenz,271,324,347,399,5700
miami_1946186829084317974_20181231_jpg,512,512,HardRockCafe,429,94,481,120,1352
la_2017_1668020252184650255_20171212_jpg,512,512,NFL,114,93,165,152,3009
london_1814301823113133281_20180702_jpg,512,512,Nike,329,436,366,462,962
la_1347097645251861431_20160925_jpg,512,512,Nike,102,408,191,475,5963
la_1347097645251861431_20160925_jpg,512,512,Nike,200,0,351,40,6040
miami_1264780007677034624_20160603_jpg,512,512,Adidas,71,463,127,511,2688
miami_1860475164753721079_20180903_jpg,512,512,Nike,384,119,451,164,3015
la_2017_1588725085005524164_20170824_jpg,512,512,CocaCola,100,402,132,430,896
phoenix_1412054515167638862_20161224_jpg,512,512,Nike,215,56,255,83,1080
houston_1516496472978616189_20170517_jpg,512,512,Nike,172,134,258,166,2752
london_1851241378625891981_20180822_jpg,512,512,Chanel,204,312,264,351,2340
london_1726644900199336458_20180303_jpg,512,512,Emirates,97,176,171,236,4440
london_1726644900199336458_20180303_jpg,512,512,Emirates,11,247,76,291,2860
london_1726644900199336458_20180303_jpg,512,512,Pepsi,98,258,127,305,1363
london_1726644900199336458_20180303_jpg,512,512,Pepsi,13,315,38,362,1175
miami_1624205739935866102_20171012_jpg,512,512,HardRockCafe,192,142,353,254,18032
charlotte_1629177892955795743_20171019_jpg,512,512,Nike,407,29,485,61,2496
phoenix_1742458254493409748_20180325_jpg,512,512,Nike,116,262,184,289,1836
miami_1875746484343961490_20180924_jpg,512,512,Nike,362,418,396,446,952
houston_1813149852184362003_20180630_jpg,512,512,Nike,406,29,484,62,2574
houston_1362765463355983993_20161017_jpg,512,512,MercedesBenz,218,42,357,159,16263
houston_1530795846353142700_20170605_jpg,512,512,Adidas,124,120,165,150,1230
miami_1704970735149347722_20180201_jpg,512,512,RalphLaurenCorporation,0,2,511,511,260099
charlotte_1828630589558189709_20180721_jpg,512,512,Nike,158,34,278,96,7440
miami_1656775475487757927_20171126_jpg,512,512,Intimissimi,0,0,482,507,244374
miami_1239475085055500087_20160430_jpg,512,512,HardRockCafe,152,458,193,493,1435
houston_1706228392289117100_20180203_jpg,512,512,Nike,224,454,279,487,1815
la_2017_1630255379588093253_20171021_jpg,512,512,AppleInc,162,409,195,447,1254
cleveland_1363304743015238135_20161017_jpg,512,512,UnderArmour,142,28,241,95,6633
miami_1472790116271884110_20170317_jpg,512,512,Adidas,373,115,388,129,210
miami_1472790116271884110_20170317_jpg,512,512,Emirates,372,132,437,164,2080
miami_1472790116271884110_20170317_jpg,512,512,Adidas,261,423,281,436,260
miami_1472790116271884110_20170317_jpg,512,512,Adidas,169,450,193,459,216
cleveland_1353620558609018109_20161004_jpg,512,512,Starbucks,298,75,512,334,55426
miami_1495164530396200003_20170417_jpg,512,512,Nike,31,123,43,135,144
miami_1495164530396200003_20170417_jpg,512,512,Nike,186,124,213,154,810
miami_1557181627174858230_20170712_jpg,512,512,Emirates,172,411,250,491,6240
london_1865035674803409969_20180910_jpg,512,512,TheNorthFace,74,113,211,180,9179
la_1037092179134730174_20150725_jpg,512,512,AppleInc,224,131,286,208,4774
la_1098536618618942898_20151018_jpg,512,512,HardRockCafe,452,42,511,90,2832
miami_1445733445100100170_20170208_jpg,512,512,Adidas,219,56,258,101,1755
houston_1658940814331408715_20171129_jpg,512,512,Nike,5,481,66,507,1586
miami_1762854441142443113_20180422_jpg,512,512,Adidas,317,311,353,338,972
cleveland_1276205831034915969_20160619_jpg,512,512,Nike,153,184,202,211,1323
cleveland_1276205831034915969_20160619_jpg,512,512,Nike,325,198,374,214,784
london_1821252392094001761_20180711_jpg,512,512,Nike,199,359,231,386,864
london_1821252392094001761_20180711_jpg,512,512,Emirates,202,442,340,511,9522
london_1824107424905072085_20180715_jpg,512,512,Nike,64,447,170,493,4876
la_890209832070583403_20150104_jpg,512,512,Starbucks,82,382,163,408,2106
chicago_890152677440774967_20150104_jpg,512,512,UnderArmour,270,400,317,454,2538
la_2017_1525046073926851940_20170529_jpg,512,512,Adidas,262,179,315,231,2756
chicago_1185757113291860299_20160215_jpg,512,512,Nike,376,424,451,462,2850
la_1298995357220425631_20160721_jpg,512,512,AppleInc,243,251,269,278,702
miami_1689042741222625053_20180110_jpg,512,512,Adidas,138,95,191,151,2968
miami_1811415679992546995_20180628_jpg,512,512,Nike,308,207,416,326,12852
houston_1806199378467496011_20180620_jpg,512,512,Adidas,206,72,243,122,1850
houston_1818688644602788065_20180708_jpg,512,512,Adidas,222,149,304,215,5412
phoenix_1259662894713343062_20160527_jpg,512,512,Starbucks,165,274,295,377,13390
la_1213284608792515098_20160324_jpg,512,512,Nike,163,372,202,399,1053
houston_1526168946619946573_20170530_jpg,512,512,AppleInc,20,171,53,231,1980
cleveland_1295450869357369375_20160716_jpg,512,512,Nike,277,58,359,85,2214
charlotte_1251873006138583781_20160517_jpg,512,512,Toyota,240,30,301,81,3111
phoenix_1244574397554181538_20160507_jpg,512,512,Starbucks,191,457,257,505,3168
phoenix_1761372760516275409_20180420_jpg,512,512,Nike,46,473,117,499,1846
phoenix_1761372760516275409_20180420_jpg,512,512,Nike,112,82,190,111,2262
phoenix_1761372760516275409_20180420_jpg,512,512,Nike,445,128,512,153,1675
phoenix_1761372760516275409_20180420_jpg,512,512,Nike,10,141,87,184,3311
phoenix_1761372760516275409_20180420_jpg,512,512,Nike,443,0,511,40,2720
phoenix_1761372760516275409_20180420_jpg,512,512,Nike,428,249,505,273,1848
phoenix_1761372760516275409_20180420_jpg,512,512,Nike,21,269,94,298,2117
phoenix_1761372760516275409_20180420_jpg,512,512,Nike,0,15,73,51,2628
phoenix_1761372760516275409_20180420_jpg,512,512,Nike,433,347,497,382,2240
phoenix_1761372760516275409_20180420_jpg,512,512,Nike,33,375,111,399,1872
phoenix_1761372760516275409_20180420_jpg,512,512,Nike,427,447,489,476,1798
miami_1939818901057473926_20181222_jpg,512,512,CocaCola,331,428,408,503,5775
chicago_1077504886277005990_20150919_jpg,512,512,Nike,241,195,331,251,5040
cleveland_1324814939290671508_20160825_jpg,512,512,Starbucks,411,289,465,345,3024
cleveland_1324814939290671508_20160825_jpg,512,512,Starbucks,182,367,242,430,3780
chicago_1221757756926025043_20160405_jpg,512,512,Starbucks,191,288,282,378,8190
miami_1290378706455389091_20160709_jpg,512,512,Adidas,266,462,296,506,1320
houston_1425490112670065733_20170111_jpg,512,512,Starbucks,207,153,350,313,22880
chicago_1351483920961399935_20161001_jpg,512,512,Toyota,182,188,307,213,3125
la_1187980908469557710_20160218_jpg,512,512,Starbucks,158,330,218,380,3000
miami_1612495123085963677_20170926_jpg,512,512,Starbucks,307,27,427,58,3720
london_1935482479364600871_20181216_jpg,512,512,Starbucks,184,218,223,313,3705
chicago_1298779637530333360_20160720_jpg,512,512,Adidas,87,360,114,390,810
chicago_1127697725874971468_20151127_jpg,512,512,TheNorthFace,366,444,419,506,3286
cleveland_1689306422881218422_20180110_jpg,512,512,Nike,136,0,211,108,8100
phoenix_1927204940485391747_20181204_jpg,512,512,Nike,117,442,201,472,2520
miami_1300776581392119334_20160723_jpg,512,512,CocaCola,141,455,238,492,3589
phoenix_1916413683077196947_20181120_jpg,512,512,Puma,145,284,195,323,1950
la_1206095918030915488_20160314_jpg,512,512,Nike,324,131,381,219,5016
la_1206095918030915488_20160314_jpg,512,512,Nike,157,202,221,251,3136
houston_1425907123376531513_20170112_jpg,512,512,Adidas,76,369,105,397,812
miami_1337255381076086288_20160911_jpg,512,512,Adidas,85,165,143,225,3480
chicago_1359598027183376965_20161012_jpg,512,512,Starbucks,387,114,444,170,3192
chicago_1500026025638936690_20170424_jpg,512,512,Starbucks,164,283,275,445,17982
houston_1764109115560406249_20180423_jpg,512,512,Adidas,87,444,151,491,3008
la_2017_1620895268643750019_20171008_jpg,512,512,Nike,143,200,165,208,176
la_2017_1620895268643750019_20171008_jpg,512,512,Nike,36,199,65,209,290
la_2017_1620895268643750019_20171008_jpg,512,512,Nike,221,216,249,228,336
la_2017_1620895268643750019_20171008_jpg,512,512,Adidas,152,217,197,250,1485
la_2017_1620895268643750019_20171008_jpg,512,512,Nike,389,235,404,244,135
la_2017_1620895268643750019_20171008_jpg,512,512,Emirates,230,239,288,265,1508
la_2017_1620895268643750019_20171008_jpg,512,512,Adidas,391,256,446,287,1705
la_2017_1620895268643750019_20171008_jpg,512,512,Nike,100,330,111,345,165
la_2017_1620895268643750019_20171008_jpg,512,512,Nike,327,379,337,388,90
la_2017_1620895268643750019_20171008_jpg,512,512,Nike,420,387,440,397,200
la_2017_1620895268643750019_20171008_jpg,512,512,Nike,183,394,198,403,135
la_2017_1620895268643750019_20171008_jpg,512,512,Nike,101,430,128,443,351
la_2017_1620895268643750019_20171008_jpg,512,512,Nike,26,445,50,465,480
phoenix_1509736280765731902_20170507_jpg,512,512,Pepsi,226,2,307,137,10935
la_1305505009295601387_20160730_jpg,512,512,Puma,41,228,80,255,1053
la_1305505009295601387_20160730_jpg,512,512,Puma,193,255,233,289,1360
la_1305505009295601387_20160730_jpg,512,512,Emirates,380,263,473,333,6510
la_1305505009295601387_20160730_jpg,512,512,Emirates,35,270,149,348,8892
la_1305505009295601387_20160730_jpg,512,512,Emirates,195,311,338,386,10725
miami_1717765002567188479_20180218_jpg,512,512,Emirates,224,426,288,476,3200
la_2017_1550190012972452253_20170702_jpg,512,512,Adidas,346,433,377,459,806
houston_1391014716487650102_20161125_jpg,512,512,Nike,166,306,235,354,3312
houston_1391014716487650102_20161125_jpg,512,512,Nike,290,340,357,373,2211
la_2017_1517934692514772595_20170519_jpg,512,512,Adidas,253,56,286,100,1452
chicago_1447509148769874626_20170211_jpg,512,512,Adidas,223,14,290,61,3149
miami_1534196320129219051_20170610_jpg,512,512,HardRockCafe,56,246,281,404,35550
la_2017_1473112595578134082_20170318_jpg,512,512,NFL,442,57,472,104,1410
chicago_1616375837547102928_20171002_jpg,512,512,Nike,191,141,267,171,2280
miami_1430718906234299123_20170118_jpg,512,512,Nike,234,204,287,236,1696
la_2017_1492225681038497776_20170413_jpg,512,512,TheNorthFace,332,96,360,113,476
la_2017_1492225681038497776_20170413_jpg,512,512,TheNorthFace,85,98,105,114,320
la_2017_1492225681038497776_20170413_jpg,512,512,TheNorthFace,141,258,176,295,1295
la_2017_1492225681038497776_20170413_jpg,512,512,TheNorthFace,337,267,372,290,805
la_2017_1492225681038497776_20170413_jpg,512,512,TheNorthFace,270,297,304,319,748
la_2017_1492225681038497776_20170413_jpg,512,512,Nike,321,395,334,412,221
la_2017_1492225681038497776_20170413_jpg,512,512,Nike,367,400,392,424,600
chicago_1539395642298963109_20170617_jpg,512,512,Starbucks,106,153,361,440,73185
miami_1296350585255290616_20160717_jpg,512,512,Toyota,374,293,477,389,9888
charlotte_1206857756612270059_20160316_jpg,512,512,Nike,338,273,458,337,7680
la_2017_1486214879558788015_20170405_jpg,512,512,UnderArmour,234,421,279,466,2025
charlotte_1187995588919097302_20160219_jpg,512,512,Toyota,19,307,53,333,884
miami_1751843985809012984_20180406_jpg,512,512,MercedesBenz,355,381,387,408,864
houston_1381718277482393175_20161112_jpg,512,512,NFL,311,20,339,51,868
houston_1630941177048127124_20171022_jpg,512,512,Nike,139,455,183,485,1320
miami_1760033209080218745_20180418_jpg,512,512,Nike,154,62,242,98,3168
chicago_1503714955408345221_20170429_jpg,512,512,Nike,130,402,171,439,1517
phoenix_1916486612990299842_20181120_jpg,512,512,Starbucks,64,57,211,112,8085
charlotte_1785785063682760009_20180523_jpg,512,512,Adidas,199,353,250,434,4131
cleveland_1533638124026247251_20170609_jpg,512,512,AppleInc,64,202,99,236,1190
phoenix_1574012737389795497_20170804_jpg,512,512,MercedesBenz,58,361,89,398,1147
miami_1180379894465539957_20160208_jpg,512,512,Starbucks,200,281,243,323,1806
miami_1180379894465539957_20160208_jpg,512,512,Starbucks,4,319,88,393,6216
la_1296387145904460127_20160717_jpg,512,512,Starbucks,84,415,197,511,10848
london_1815757404508266061_20180704_jpg,512,512,CocaCola,267,0,494,94,21338
london_1815757404508266061_20180704_jpg,512,512,CocaCola,0,0,152,95,14440
cleveland_1677237480237928406_20171225_jpg,512,512,Adidas,221,10,310,69,5251
cleveland_1657594397952063156_20171127_jpg,512,512,Nike,267,299,306,324,975
london_1657762813282994154_20171128_jpg,512,512,Nike,91,421,141,458,1850
charlotte_1380716558820941081_20161110_jpg,512,512,CocaCola,7,11,56,82,3479
miami_1412672981951346488_20161224_jpg,512,512,Nike,190,155,259,264,7521
miami_1412672981951346488_20161224_jpg,512,512,Nike,267,430,302,461,1085
houston_1443965578040936341_20170206_jpg,512,512,NFL,368,17,477,207,20710
houston_1443965578040936341_20170206_jpg,512,512,NFL,273,442,306,485,1419
phoenix_1615404002790734285_20170930_jpg,512,512,Adidas,438,95,477,128,1287
miami_1700184489739103225_20180125_jpg,512,512,Starbucks,312,380,340,435,1540
charlotte_1667027641865030374_20171210_jpg,512,512,TheNorthFace,256,243,286,272,870
chicago_1764005018412995210_20180423_jpg,512,512,Nike,5,418,51,450,1472
miami_1561357851451177076_20170718_jpg,512,512,Nike,103,357,183,400,3440
miami_1561357851451177076_20170718_jpg,512,512,Emirates,76,410,290,511,21614
phoenix_1568436998917035245_20170727_jpg,512,512,Adidas,168,94,336,219,21000
miami_1799922207217196636_20180612_jpg,512,512,AppleInc,93,186,121,217,868
phoenix_1266118873943013121_20160605_jpg,512,512,Adidas,165,373,217,416,2236
houston_1650517608883437442_20171118_jpg,512,512,Toyota,216,268,262,300,1472
miami_1650028132155296015_20171117_jpg,512,512,AppleInc,137,454,207,481,1890
cleveland_1178697749503382405_20160206_jpg,512,512,MercedesBenz,80,225,125,265,1800
houston_1511622100896810984_20170510_jpg,512,512,MercedesBenz,448,239,475,298,1593
houston_1419430059895006369_20170103_jpg,512,512,Starbucks,203,380,312,491,12099
charlotte_1513322695226397254_20170512_jpg,512,512,Starbucks,235,43,343,190,15876
la_1298935652528645007_20160721_jpg,512,512,Nike,249,448,276,476,756
chicago_1454570546838900595_20170220_jpg,512,512,TheNorthFace,304,364,342,399,1330
miami_1702541385893030087_20180128_jpg,512,512,HardRockCafe,78,3,464,218,82990
phoenix_1904245534509880687_20181103_jpg,512,512,Adidas,259,153,311,208,2860
miami_1568056774764834436_20170727_jpg,512,512,MercedesBenz,347,307,384,343,1332
la_1090374007343546223_20151007_jpg,512,512,AppleInc,375,352,408,386,1122
houston_1636405856585090457_20171029_jpg,512,512,TheNorthFace,5,97,132,155,7366
chicago_1768914440809363500_20180430_jpg,512,512,Adidas,227,164,255,190,728
la_2017_1669464776638807921_20171214_jpg,512,512,AppleInc,370,333,412,389,2352
chicago_1119807676794644091_20151116_jpg,512,512,Puma,89,300,126,334,1258
phoenix_1708975560233623759_20180206_jpg,512,512,HardRockCafe,44,1,329,254,72105
phoenix_1867676366558083851_20180913_jpg,512,512,Nike,298,259,360,307,2976
charlotte_1318510727321635987_20160817_jpg,512,512,Chanel,231,251,322,307,5096
cleveland_1386547277732361605_20161118_jpg,512,512,Adidas,227,322,387,454,21120
la_1136997334797248207_20151210_jpg,512,512,Nike,167,322,272,391,7245
la_1136997334797248207_20151210_jpg,512,512,Nike,440,390,495,442,2860
la_1136997334797248207_20151210_jpg,512,512,Nike,284,421,365,470,3969
miami_1912131298233022355_20181114_jpg,512,512,Puma,54,365,152,409,4312
phoenix_1933984456882620089_20181214_jpg,512,512,Adidas,196,202,257,249,2867
chicago_1295593964842070506_20160716_jpg,512,512,Adidas,268,347,305,384,1369
miami_1063547714974699424_20150831_jpg,512,512,Starbucks,311,319,357,370,2346
houston_1207334851943327791_20160316_jpg,512,512,Nike,226,150,286,192,2520
london_1826007688239043228_20180718_jpg,512,512,AppleInc,0,393,46,433,1840
miami_1707145046640289597_20180204_jpg,512,512,Nike,410,289,445,319,1050
miami_1720985328310273861_20180223_jpg,512,512,MercedesBenz,346,248,375,298,1450
phoenix_1296895219555875665_20160718_jpg,512,512,RalphLaurenCorporation,2,95,493,425,162030
phoenix_1626410556112796791_20171015_jpg,512,512,NFL,384,260,417,296,1188
la_2017_1624625618489883561_20171013_jpg,512,512,Nike,142,274,242,315,4100
la_2017_1624625618489883561_20171013_jpg,512,512,Nike,344,292,398,328,1944
houston_1179746136575461216_20160207_jpg,512,512,Nike,407,27,485,57,2340
charlotte_1828629988924991865_20180721_jpg,512,512,Puma,29,349,99,410,4270
miami_1792929726816224804_20180602_jpg,512,512,Starbucks,153,165,253,271,10600
london_1838572410279102649_20180804_jpg,512,512,AppleInc,157,56,200,107,2193
miami_1481365433327077298_20170329_jpg,512,512,Starbucks,313,472,365,504,1664
charlotte_1224648911819340364_20160409_jpg,512,512,Starbucks,157,29,407,306,69250
charlotte_1794488713935615124_20180604_jpg,512,512,Nike,409,23,486,56,2541
la_2017_1650860974852252700_20171118_jpg,512,512,UnderArmour,435,274,472,300,962
la_2017_1650860974852252700_20171118_jpg,512,512,UnderArmour,17,292,56,321,1131
la_2017_1650860974852252700_20171118_jpg,512,512,UnderArmour,210,349,253,380,1333
phoenix_1807678678290006109_20180623_jpg,512,512,Puma,76,209,120,244,1540
phoenix_1807678678290006109_20180623_jpg,512,512,Puma,278,304,321,331,1161
charlotte_1464160834837856029_20170306_jpg,512,512,TheNorthFace,389,274,446,305,1767
la_1227994270344514452_20160414_jpg,512,512,Puma,181,258,260,308,3950
la_952233653054936400_20150330_jpg,512,512,MercedesBenz,248,212,399,355,21593
miami_1946701547167483221_20181231_jpg,512,512,CocaCola,113,202,328,304,21930
chicago_1496109256067075090_20170419_jpg,512,512,Starbucks,155,276,292,413,18769
chicago_1215801302227307422_20160328_jpg,512,512,AppleInc,114,97,145,147,1550
chicago_1215801302227307422_20160328_jpg,512,512,AppleInc,291,148,351,212,3840
la_2017_1464216074064769871_20170306_jpg,512,512,Adidas,106,350,138,384,1088
chicago_1109707897002474687_20151102_jpg,512,512,Adidas,226,477,290,512,2240
houston_1409900272608412000_20161221_jpg,512,512,Adidas,38,353,85,388,1645
chicago_1348806023019975083_20160927_jpg,512,512,Nike,328,307,379,338,1581
cleveland_1274802575737835318_20160617_jpg,512,512,Adidas,55,312,105,351,1950
cleveland_1274802575737835318_20160617_jpg,512,512,Adidas,275,345,305,374,870
miami_1290864931399061364_20160709_jpg,512,512,Nike,307,441,380,485,3212
phoenix_1626546345823303646_20171016_jpg,512,512,Nike,102,122,226,155,4092
houston_1262494731438742654_20160531_jpg,512,512,Starbucks,95,254,215,363,13080
miami_1572861431123200655_20170803_jpg,512,512,HardRockCafe,220,332,289,369,2553
miami_1550289333595837260_20170702_jpg,512,512,Adidas,341,299,355,316,238
miami_1550289333595837260_20170702_jpg,512,512,Adidas,294,417,340,449,1472
la_2017_1581981005690177202_20170815_jpg,512,512,Adidas,225,173,256,199,806
la_2017_1581981005690177202_20170815_jpg,512,512,Adidas,246,398,274,413,420
phoenix_1666083782157136846_20171209_jpg,512,512,Nike,283,408,344,436,1708
charlotte_1595011220455800420_20170902_jpg,512,512,Adidas,251,462,283,489,864
charlotte_1595011220455800420_20170902_jpg,512,512,Adidas,211,238,255,273,1540
chicago_1713155800061832635_20180212_jpg,512,512,Nike,333,427,387,476,2646
chicago_1713155800061832635_20180212_jpg,512,512,Nike,250,145,308,171,1508
houston_1281566848010150866_20160627_jpg,512,512,Toyota,383,410,420,475,2405
london_1890212638320010896_20181014_jpg,512,512,UnderArmour,404,436,473,484,3312
houston_1896041170716646256_20181022_jpg,512,512,Adidas,231,131,325,211,7520
la_1091635245318752858_20151009_jpg,512,512,AppleInc,207,304,243,342,1368
charlotte_1819165690412457933_20180708_jpg,512,512,Nike,204,296,345,337,5781
london_1939785000577055181_20181222_jpg,512,512,AppleInc,379,217,440,276,3599
london_1939785000577055181_20181222_jpg,512,512,AppleInc,135,246,205,297,3570
la_2017_1474667148017480207_20170320_jpg,512,512,AppleInc,368,210,400,254,1408
miami_1087121647915855414_20151002_jpg,512,512,Nike,102,448,187,485,3145
miami_1835905945633581559_20180731_jpg,512,512,Emirates,149,132,217,169,2516
london_1861687428197127684_20180905_jpg,512,512,Nike,146,123,253,197,7918
phoenix_1847529614663406389_20180816_jpg,512,512,Starbucks,163,327,212,375,2352
phoenix_1706152933229195526_20180202_jpg,512,512,Nike,429,352,458,381,841
houston_1899445943762654362_20181027_jpg,512,512,Adidas,391,99,477,174,6450
houston_1899445943762654362_20181027_jpg,512,512,Adidas,36,110,119,174,5312
houston_1899445943762654362_20181027_jpg,512,512,Adidas,198,106,297,178,7128
houston_1899445943762654362_20181027_jpg,512,512,Adidas,1,254,59,285,1798
houston_1899445943762654362_20181027_jpg,512,512,Adidas,174,252,228,291,2106
houston_1899445943762654362_20181027_jpg,512,512,Adidas,359,252,418,294,2478
chicago_1279107594816187425_20160623_jpg,512,512,CocaCola,318,345,349,373,868
chicago_1371994680241544314_20161029_jpg,512,512,Adidas,178,340,206,367,756
phoenix_1090631593942341930_20151007_jpg,512,512,Intimissimi,9,16,504,462,220770
charlotte_1772613498036341912_20180505_jpg,512,512,UnderArmour,93,353,138,388,1575
cleveland_1279782008993874593_20160624_jpg,512,512,Nike,267,182,358,263,7371
miami_1793229391390349849_20180603_jpg,512,512,Nike,144,423,193,461,1862
miami_1760401498255921062_20180418_jpg,512,512,CocaCola,181,425,231,463,1900
chicago_1277988057972904041_20160622_jpg,512,512,Starbucks,261,285,340,381,7584
chicago_1277988057972904041_20160622_jpg,512,512,Starbucks,125,315,202,411,7392
miami_1865811099363229173_20180911_jpg,512,512,Starbucks,68,162,142,298,10064
phoenix_1445254376192031370_20170207_jpg,512,512,RalphLaurenCorporation,60,49,346,495,127556
miami_1921161432259556685_20181126_jpg,512,512,Nike,138,270,174,315,1620
london_1907027097549914561_20181107_jpg,512,512,Nike,0,437,33,476,1287
la_2017_1530530607879626442_20170605_jpg,512,512,Chanel,145,353,174,380,783
houston_1337171658834701202_20160911_jpg,512,512,NFL,103,246,135,271,800
houston_1337171658834701202_20160911_jpg,512,512,NFL,326,263,356,299,1080
miami_1466328849116640164_20170309_jpg,512,512,Nike,85,431,136,465,1734
miami_1466328849116640164_20170309_jpg,512,512,Nike,289,470,310,486,336
miami_1653330051783168695_20171122_jpg,512,512,Nike,153,275,243,314,3510
charlotte_1710324613503901147_20180208_jpg,512,512,Starbucks,132,423,187,476,2915
la_1205350348882145347_20160313_jpg,512,512,Starbucks,241,350,334,431,7533
houston_1870005299345981562_20180916_jpg,512,512,NFL,327,201,352,220,475
houston_1870005299345981562_20180916_jpg,512,512,NFL,239,318,269,345,810
chicago_1277614019615010963_20160621_jpg,512,512,Adidas,339,250,381,284,1428
miami_1794045097894416437_20180604_jpg,512,512,Adidas,180,310,231,354,2244
miami_1684495758927343912_20180104_jpg,512,512,Adidas,89,121,145,171,2800
phoenix_1698333628100305673_20180123_jpg,512,512,Nike,376,405,439,445,2520
la_1333515443025805390_20160906_jpg,512,512,CocaCola,159,140,223,196,3584
charlotte_1603292408782290142_20170914_jpg,512,512,Adidas,125,233,305,383,27000
miami_1642020904232087635_20171106_jpg,512,512,Adidas,359,334,396,360,962
phoenix_1166996074806668943_20160121_jpg,512,512,Nike,405,24,485,60,2880
charlotte_1384812744444504643_20161116_jpg,512,512,Nike,244,118,278,157,1326
charlotte_1384812744444504643_20161116_jpg,512,512,Nike,249,158,263,173,210
charlotte_1701056916153014082_20180126_jpg,512,512,Adidas,182,291,221,319,1092
phoenix_1609074755850432112_20170921_jpg,512,512,UnderArmour,3,378,42,405,1053
london_1890612420436911623_20181015_jpg,512,512,Nike,273,288,344,323,2485
london_1890612420436911623_20181015_jpg,512,512,Nike,460,342,483,361,437
london_1890612420436911623_20181015_jpg,512,512,Nike,259,336,336,377,3157
london_1890612420436911623_20181015_jpg,512,512,Nike,427,352,445,364,216
london_1890612420436911623_20181015_jpg,512,512,Nike,354,432,368,459,378
london_1890612420436911623_20181015_jpg,512,512,Nike,268,436,282,465,406
houston_1450815690470537088_20170215_jpg,512,512,Nike,233,70,281,96,1248
la_2017_1475605780471293897_20170321_jpg,512,512,Adidas,26,221,127,354,13433
miami_1924312589946641684_20181130_jpg,512,512,Adidas,282,145,321,174,1131
chicago_1408037866668237928_20161218_jpg,512,512,Nike,92,422,133,450,1148
charlotte_1913601014146090572_20181116_jpg,512,512,Puma,226,482,310,511,2436
charlotte_1913601014146090572_20181116_jpg,512,512,Puma,230,423,307,478,4235
cleveland_1676510703017647138_20171224_jpg,512,512,Nike,65,161,150,205,3740
london_1834187685290201538_20180729_jpg,512,512,Nike,416,28,484,56,1904
houston_1716249760140926171_20180216_jpg,512,512,Nike,418,28,484,57,1914
la_1261171068888181781_20160529_jpg,512,512,MercedesBenz,223,227,277,281,2916
miami_1804860801476178112_20180619_jpg,512,512,CocaCola,300,243,384,280,3108
london_1824327042000499722_20180715_jpg,512,512,MercedesBenz,138,298,190,330,1664
charlotte_1771356001396794415_20180503_jpg,512,512,Adidas,92,31,137,64,1485
charlotte_1771356001396794415_20180503_jpg,512,512,Adidas,289,44,333,78,1496
charlotte_1771356001396794415_20180503_jpg,512,512,Adidas,160,101,205,138,1665
charlotte_1771356001396794415_20180503_jpg,512,512,Adidas,347,110,386,144,1326
la_2017_1651900557501071713_20171120_jpg,512,512,Nike,427,197,508,256,4779
la_2017_1499025686030215874_20170423_jpg,512,512,UnderArmour,355,82,439,121,3276
houston_1645749381172239914_20171111_jpg,512,512,UnderArmour,416,26,485,64,2622
houston_1640174604167484196_20171103_jpg,512,512,Starbucks,197,290,310,381,10283
la_2017_1609840517038107591_20170923_jpg,512,512,Adidas,145,320,189,350,1320
houston_1635895110079071250_20171028_jpg,512,512,TheNorthFace,47,170,134,218,4176
cleveland_1492313051050223849_20170413_jpg,512,512,Adidas,231,344,269,370,988
london_1814027550731483584_20180701_jpg,512,512,Nike,347,242,380,254,396
london_1814027550731483584_20180701_jpg,512,512,Puma,114,252,143,284,928
london_1814027550731483584_20180701_jpg,512,512,Emirates,116,292,202,338,3956
phoenix_1499633279543673949_20170423_jpg,512,512,AppleInc,331,421,358,455,918
houston_1708135950223032478_20180205_jpg,512,512,AppleInc,241,125,289,176,2448
la_1719870744367533513_20180221_jpg,512,512,Chanel,166,292,200,349,1938
la_1319048831417065509_20160817_jpg,512,512,AppleInc,230,449,278,502,2544
houston_1899277292527169412_20181027_jpg,512,512,Nike,221,409,310,448,3471
cleveland_1360371750944993811_20161013_jpg,512,512,Starbucks,182,451,235,496,2385
miami_1560595042367459302_20170717_jpg,512,512,UnderArmour,77,72,132,118,2530
charlotte_1812468633253076069_20180629_jpg,512,512,NFL,199,274,240,309,1435
miami_1556186070307401653_20170711_jpg,512,512,Starbucks,87,370,117,414,1320
miami_1690180108886029251_20180111_jpg,512,512,Nike,176,214,263,287,6351
phoenix_1445270808360732490_20170207_jpg,512,512,Adidas,366,112,429,175,3969
la_2017_1529415785348196355_20170604_jpg,512,512,Adidas,105,241,124,258,323
la_2017_1529415785348196355_20170604_jpg,512,512,Adidas,386,264,393,279,105
la_2017_1529415785348196355_20170604_jpg,512,512,Emirates,101,263,160,304,2419
la_2017_1529415785348196355_20170604_jpg,512,512,Emirates,386,292,443,335,2451
miami_1394392507097496137_20161129_jpg,512,512,Nike,245,313,308,378,4095
miami_1487991160155768235_20170407_jpg,512,512,Adidas,251,432,319,481,3332
la_1159089497514699231_20160110_jpg,512,512,Nike,360,227,398,256,1102
phoenix_1920837298687527914_20181126_jpg,512,512,NFL,82,188,133,238,2550
phoenix_1920837298687527914_20181126_jpg,512,512,NFL,298,368,326,396,784
chicago_1078270452713160614_20150920_jpg,512,512,NFL,320,178,334,194,224
chicago_1078270452713160614_20150920_jpg,512,512,NFL,182,213,197,232,285
chicago_1078270452713160614_20150920_jpg,512,512,NFL,49,280,79,321,1230
la_2017_1550656051434251566_20170703_jpg,512,512,MercedesBenz,134,253,163,302,1421
la_971426926966994599_20150426_jpg,512,512,Nike,407,252,492,290,3230
chicago_1617875503174376534_20171004_jpg,512,512,Adidas,276,190,314,243,2014
phoenix_1726466789187469824_20180302_jpg,512,512,UnderArmour,188,217,230,248,1302
la_1317845166757171966_20160816_jpg,512,512,MercedesBenz,147,272,186,337,2535
phoenix_1912115818565922315_20181114_jpg,512,512,Nike,417,28,485,56,1904
miami_1676620152021833488_20171224_jpg,512,512,Adidas,216,256,248,295,1248
phoenix_1827719564566598980_20180720_jpg,512,512,Adidas,170,199,372,380,36562
houston_1741684002475367156_20180323_jpg,512,512,Toyota,101,4,187,73,5934
chicago_1520308611828567478_20170522_jpg,512,512,Adidas,249,8,279,34,780
phoenix_1611650566503601874_20170925_jpg,512,512,NFL,230,183,268,223,1520
london_1893960994616821819_20181020_jpg,512,512,Adidas,0,336,57,390,3078
la_2017_1571135992855813055_20170731_jpg,512,512,HardRockCafe,238,306,298,337,1860
houston_1477170560924697020_20170323_jpg,512,512,AppleInc,345,341,386,389,1968
la_1177982542186413313_20160205_jpg,512,512,CocaCola,325,0,459,96,12864
la_1177982542186413313_20160205_jpg,512,512,CocaCola,67,410,120,437,1431
phoenix_1213821464071957800_20160325_jpg,512,512,Nike,242,230,327,291,5185
miami_1605557495405711187_20170917_jpg,512,512,Adidas,283,428,343,478,3000
miami_1835405764221455762_20180731_jpg,512,512,Chanel,275,466,312,495,1073
london_1828766594321133124_20180722_jpg,512,512,UnderArmour,192,273,227,309,1260
la_2017_1643745713639944387_20171108_jpg,512,512,CocaCola,403,221,501,260,3822
la_2017_1532085428386029562_20170607_jpg,512,512,Adidas,57,169,77,185,320
la_2017_1532085428386029562_20170607_jpg,512,512,Emirates,52,191,124,224,2376
la_2017_1532085428386029562_20170607_jpg,512,512,Adidas,220,339,242,350,242
la_2017_1532085428386029562_20170607_jpg,512,512,Adidas,427,350,447,366,320
la_1222823868321854112_20160407_jpg,512,512,Chanel,119,159,167,203,2112
houston_1551322490872127509_20170704_jpg,512,512,Toyota,174,36,217,141,4515
chicago_1770585359013730362_20180502_jpg,512,512,Toyota,182,196,359,224,4956
miami_1708320445381556274_20180205_jpg,512,512,Nike,208,233,332,269,4464
charlotte_1682152589951314676_20171231_jpg,512,512,NFL,228,320,273,349,1305
la_2017_1526280587048348385_20170530_jpg,512,512,Nike,406,29,485,62,2607
houston_1383500971656810778_20161114_jpg,512,512,Chanel,135,195,185,225,1500
phoenix_1771510012869201659_20180504_jpg,512,512,Nike,56,339,104,374,1680
houston_1129118006922438796_20151129_jpg,512,512,NFL,345,383,370,410,675
houston_1129118006922438796_20151129_jpg,512,512,NFL,39,401,71,431,960
charlotte_1769243690932130089_20180430_jpg,512,512,UnderArmour,415,20,486,61,2911
la_982587601869204952_20150511_jpg,512,512,Nike,411,22,492,52,2430
cleveland_1535905585042760734_20170613_jpg,512,512,Nike,470,470,506,498,1008
charlotte_1857670504838581105_20180830_jpg,512,512,AppleInc,267,343,296,374,899
miami_1531186401143763443_20170606_jpg,512,512,Nike,257,375,319,405,1860
houston_1896831462330608043_20181024_jpg,512,512,Nike,305,386,388,447,5063
la_1770330532406394803_20180502_jpg,512,512,Adidas,169,150,215,187,1702
phoenix_1177135964454214183_20160204_jpg,512,512,Chanel,393,453,439,498,2070
charlotte_1061715143228072770_20150828_jpg,512,512,Nike,7,23,180,87,11072
london_1875637680400755435_20180924_jpg,512,512,Nike,98,319,157,345,1534
la_2017_1620274196172462524_20171007_jpg,512,512,Toyota,93,409,121,459,1400
charlotte_1521882610556801620_20170524_jpg,512,512,Adidas,158,130,241,206,6308
charlotte_1521882610556801620_20170524_jpg,512,512,Adidas,241,147,321,213,5280
houston_1876289827234877552_20180925_jpg,512,512,NFL,203,267,233,304,1110
chicago_1711004802401250633_20180209_jpg,512,512,Starbucks,12,293,135,372,9717
chicago_1711004802401250633_20180209_jpg,512,512,Starbucks,0,380,117,474,10998
phoenix_1780655020327186302_20180516_jpg,512,512,Nike,345,460,401,501,2296
chicago_1252188647873282681_20160517_jpg,512,512,Starbucks,118,153,211,257,9672
miami_1786200543108933990_20180524_jpg,512,512,Puma,186,129,254,194,4420
chicago_1356848252519396373_20161008_jpg,512,512,Nike,88,219,129,239,820
chicago_1356848252519396373_20161008_jpg,512,512,Nike,247,335,315,365,2040
chicago_1356848252519396373_20161008_jpg,512,512,Nike,69,466,94,479,325
la_1279602715214822631_20160624_jpg,512,512,Nike,301,316,424,419,12669
houston_1291767554310487076_20160711_jpg,512,512,Nike,80,274,113,300,858
houston_1291767554310487076_20160711_jpg,512,512,Emirates,73,329,154,384,4455
houston_1506905689582618200_20170504_jpg,512,512,UnderArmour,55,38,91,66,1008
houston_1506905689582618200_20170504_jpg,512,512,CocaCola,424,35,457,70,1155
la_2017_1579595989865866401_20170812_jpg,512,512,Pepsi,364,347,392,390,1204
la_2017_1681740136206704563_20171231_jpg,512,512,Chanel,59,310,170,351,4551
la_1721340874325164714_20180223_jpg,512,512,Nike,55,135,75,160,500
la_1721340874325164714_20180223_jpg,512,512,Nike,165,425,221,462,2072
houston_1676146993041743966_20171223_jpg,512,512,MercedesBenz,218,68,253,98,1050
london_1842867530693546154_20180810_jpg,512,512,Adidas,205,255,263,303,2784
houston_1766716255888101143_20180427_jpg,512,512,Chanel,332,141,367,173,1120
chicago_1238756057540545096_20160429_jpg,512,512,NFL,478,225,511,297,2376
miami_1492945143543408530_20170414_jpg,512,512,Adidas,222,150,248,191,1066
la_1723224906608620862_20180226_jpg,512,512,CocaCola,156,289,231,320,2325
charlotte_1702067084350951990_20180128_jpg,512,512,Adidas,276,21,332,62,2296
miami_1108108604883686827_20151031_jpg,512,512,Starbucks,195,306,304,423,12753
la_1718909330634138847_20180220_jpg,512,512,Chanel,8,251,40,332,2592
miami_1357605090735549295_20161010_jpg,512,512,Nike,245,121,291,147,1196
miami_1556053734496084191_20170710_jpg,512,512,Nike,136,164,173,196,1184
houston_1578337794093521186_20170810_jpg,512,512,Starbucks,177,176,278,237,6161
charlotte_1435815676270180052_20170125_jpg,512,512,Starbucks,135,314,276,437,17343
miami_1713179997798117024_20180212_jpg,512,512,Adidas,57,363,95,398,1330
houston_1497713677003741631_20170421_jpg,512,512,Pepsi,314,265,348,291,884
houston_1497713677003741631_20170421_jpg,512,512,CocaCola,354,459,416,509,3100
chicago_1216373666882228937_20160329_jpg,512,512,Adidas,260,273,318,356,4814
chicago_1655499415529632810_20171125_jpg,512,512,Nike,341,196,428,229,2871
chicago_1655499415529632810_20171125_jpg,512,512,Nike,81,201,231,296,14250
chicago_1498169118002959199_20170421_jpg,512,512,Nike,356,370,398,400,1260
phoenix_1093015080346736773_20151010_jpg,512,512,Nike,273,223,329,251,1568
houston_945125777363189691_20150320_jpg,512,512,Adidas,271,439,307,467,1008
miami_1491535579995939179_20170412_jpg,512,512,Nike,271,127,342,153,1846
chicago_1542495267273000340_20170622_jpg,512,512,Nike,146,33,196,76,2150
chicago_1620127512847179817_20171007_jpg,512,512,Nike,402,346,434,382,1152
miami_1756070339475269553_20180412_jpg,512,512,Starbucks,297,296,335,347,1938
chicago_1509188233543522183_20170507_jpg,512,512,Nike,137,311,169,339,896
miami_1341020136153119197_20160917_jpg,512,512,MercedesBenz,174,152,235,219,4087
la_2017_1590145779918357946_20170826_jpg,512,512,Adidas,297,295,344,332,1739
la_2017_1477395839165320563_20170324_jpg,512,512,Adidas,328,323,369,353,1230
houston_1814975726686615379_20180703_jpg,512,512,Nike,68,145,177,212,7303
houston_1814975726686615379_20180703_jpg,512,512,Nike,239,190,362,335,17835
chicago_1742072666682297734_20180324_jpg,512,512,UnderArmour,181,451,238,492,2337
chicago_1214653955905218819_20160326_jpg,512,512,Adidas,472,235,506,261,884
houston_1460953318910011014_20170301_jpg,512,512,Nike,287,243,395,310,7236
houston_1460953318910011014_20170301_jpg,512,512,TheNorthFace,194,307,216,331,528
houston_1564905023099867570_20170723_jpg,512,512,Nike,458,327,505,353,1222
houston_1315809045068071818_20160813_jpg,512,512,Adidas,269,310,304,338,980
london_1821452475721172894_20180712_jpg,512,512,Adidas,53,353,92,410,2223
houston_1883201251598255268_20181005_jpg,512,512,Adidas,108,232,232,333,12524
phoenix_1736594885048575218_20180316_jpg,512,512,Puma,0,21,54,55,1836
cleveland_1342307395011238453_20160918_jpg,512,512,NFL,141,378,187,422,2024
charlotte_1685030867150152814_20180104_jpg,512,512,Nike,408,26,485,62,2772
la_1120683816622152686_20151118_jpg,512,512,Nike,406,25,486,60,2800
chicago_1557473948245359896_20170712_jpg,512,512,Adidas,382,194,459,254,4620
la_2017_1521485385807854443_20170524_jpg,512,512,AppleInc,106,425,135,465,1160
charlotte_1637887929572169104_20171031_jpg,512,512,Nike,409,31,474,59,1820
houston_1670167976644235111_20171215_jpg,512,512,MercedesBenz,20,340,73,395,2915
miami_1721949546472043712_20180224_jpg,512,512,Starbucks,306,327,354,390,3024
houston_1655384316958808113_20171124_jpg,512,512,Adidas,381,176,447,224,3168
miami_1366271326788453112_20161021_jpg,512,512,Toyota,383,441,437,493,2808
la_1769891065344885987_20180501_jpg,512,512,MercedesBenz,194,425,241,474,2303
phoenix_1414078644023855867_20161226_jpg,512,512,Adidas,285,226,328,277,2193
phoenix_1542934785185582761_20170622_jpg,512,512,Adidas,143,79,187,118,1716
la_1218606990876477502_20160401_jpg,512,512,Starbucks,51,79,313,160,21222
houston_1752280625622034868_20180407_jpg,512,512,Nike,337,349,407,393,3080
la_2017_1531680994443236699_20170607_jpg,512,512,MercedesBenz,355,321,398,364,1849
la_2017_1598445803159163955_20170907_jpg,512,512,MercedesBenz,140,336,175,367,1085
miami_1909717457968704355_20181110_jpg,512,512,RalphLaurenCorporation,8,36,504,494,227168
london_1839512586187740692_20180805_jpg,512,512,Puma,40,336,95,386,2750
london_1839512586187740692_20180805_jpg,512,512,Emirates,179,374,244,403,1885
houston_1443286099569391879_20170205_jpg,512,512,NFL,278,246,299,268,462
houston_1443286099569391879_20170205_jpg,512,512,NFL,188,350,256,454,7072
houston_1443286099569391879_20170205_jpg,512,512,NFL,325,360,380,454,5170
phoenix_1410327066594812550_20161221_jpg,512,512,Nike,257,419,289,451,1024
chicago_1455558946378023993_20170222_jpg,512,512,Chanel,416,107,444,169,1736
chicago_1455558946378023993_20170222_jpg,512,512,Chanel,137,135,163,165,780
chicago_1455558946378023993_20170222_jpg,512,512,Chanel,366,254,431,282,1820
houston_1709866397872862663_20180208_jpg,512,512,Adidas,299,416,362,463,2961
charlotte_1506880987178894569_20170503_jpg,512,512,NFL,175,274,201,307,858
houston_1808165822784625164_20180623_jpg,512,512,Adidas,107,179,139,205,832
houston_1808165822784625164_20180623_jpg,512,512,Adidas,291,244,324,271,891
miami_1442853250542330739_20170204_jpg,512,512,Adidas,304,48,387,141,7719
la_2017_1511890896392010480_20170510_jpg,512,512,Adidas,285,407,336,466,3009
chicago_1253125565074953515_20160518_jpg,512,512,Puma,246,159,295,187,1372
la_2017_1615194314535427971_20170930_jpg,512,512,Adidas,306,15,349,46,1333
london_1922012452331751043_20181127_jpg,512,512,Nike,96,467,142,494,1242
miami_1253798381857749005_20160519_jpg,512,512,Starbucks,211,224,316,300,7980
phoenix_1753976169994523950_20180409_jpg,512,512,Nike,384,136,468,170,2856
phoenix_1753976169994523950_20180409_jpg,512,512,Adidas,351,247,364,263,208
phoenix_1753976169994523950_20180409_jpg,512,512,Nike,377,291,459,319,2296
phoenix_1753976169994523950_20180409_jpg,512,512,Nike,377,435,448,465,2130
phoenix_1753976169994523950_20180409_jpg,512,512,Nike,166,442,240,467,1850
charlotte_1851955260928833642_20180823_jpg,512,512,Adidas,408,72,454,122,2300
cleveland_1682884173079843308_20180101_jpg,512,512,Nike,152,290,193,321,1271
houston_1366859364191550637_20161022_jpg,512,512,UnderArmour,120,469,168,507,1824
la_2017_1528840430790978896_20170603_jpg,512,512,Starbucks,149,328,296,426,14406
phoenix_1521963679851377555_20170524_jpg,512,512,MercedesBenz,345,220,371,246,676
london_1855621525492137587_20180828_jpg,512,512,Emirates,110,143,173,175,2016
houston_1277990644052340961_20160622_jpg,512,512,Adidas,254,414,296,448,1428
la_2017_1598175258304467574_20170906_jpg,512,512,Starbucks,384,194,415,222,868
miami_1487195696084034321_20170406_jpg,512,512,Adidas,174,339,210,406,2412
houston_1394648465505912212_20161130_jpg,512,512,Nike,285,150,336,199,2499
houston_1394648465505912212_20161130_jpg,512,512,Nike,107,413,132,433,500
la_2017_1539810308070401197_20170618_jpg,512,512,Starbucks,187,192,287,299,10700
cleveland_1516203391331867282_20170516_jpg,512,512,UnderArmour,401,41,490,91,4450
houston_1674241512931842920_20171220_jpg,512,512,Nike,16,306,61,333,1215
la_1219094547044083557_20160401_jpg,512,512,Nike,320,168,373,201,1749
phoenix_1640894205318423015_20171104_jpg,512,512,Nike,190,128,273,159,2573
miami_1836082231333257180_20180801_jpg,512,512,Emirates,275,126,357,162,2952
london_1725866270191342336_20180302_jpg,512,512,Adidas,146,367,206,430,3780
chicago_1635735717173238982_20171028_jpg,512,512,Starbucks,43,82,275,269,43384
chicago_1565530452512828317_20170723_jpg,512,512,Starbucks,143,294,280,422,17536
houston_1100987713961066309_20151021_jpg,512,512,NFL,450,328,476,365,962
charlotte_1854924126345453791_20180827_jpg,512,512,MercedesBenz,257,350,296,387,1443
miami_1606595277203246797_20170918_jpg,512,512,UnderArmour,362,321,412,370,2450
london_1898042491989138322_20181025_jpg,512,512,Chanel,160,208,349,308,18900
phoenix_1910221184751029877_20181111_jpg,512,512,CocaCola,23,93,89,282,12474
phoenix_1910221184751029877_20181111_jpg,512,512,Nike,173,417,216,448,1333
la_2017_1470294211463321725_20170314_jpg,512,512,Adidas,327,17,476,107,13410
cleveland_1581425594678124165_20170814_jpg,512,512,NFL,111,106,182,170,4544
miami_1317734483914410300_20160816_jpg,512,512,Nike,301,273,407,335,6572
charlotte_1635113241178830649_20171027_jpg,512,512,Nike,382,369,432,403,1700
